<?xml version="1.0" encoding="UTF-8" standalone="yes"?>
<addon id="plugin.video.youtube."
	name="Youtube Halow"
	version="4.2"
	provider-name="Halow)">
  <requires>
    <import addon="xbmc.python" version="2.1.0"/>
    <import addon="plugin.video.youtube" version="3.0.0"/>
  </requires>
  <extension point="xbmc.python.pluginsource" library="default.py">
    <provides>video</provides>
  </extension>
  <extension point="xbmc.addon.metadata">
    <summary lang="en">Halow iptv a Youtube Channel dedicated to Swedish Eng movies and films.</summary>
    <description lang="en">Halow iptv a Youtube Channel dedicated to Swedish eng movies and films.</description>
    <platform>all</platform>
  </extension>
</addon>